Entity,Code,Year,GHG emissions
Afghanistan,AFG,1924,1.6621807
Afghanistan,AFG,2024,0.9352487
Africa,OWID_AFR,1924,4.0484433
Africa,OWID_AFR,2024,3.1512294
Albania,ALB,1924,2.6609304
Albania,ALB,2024,2.4028027
Algeria,DZA,1924,0.56340194
Algeria,DZA,2024,5.8984966
Andorra,AND,1924,1.7876914
Andorra,AND,2024,6.482429
Angola,AGO,1924,10.4329405
Angola,AGO,2024,4.209
Antigua and Barbuda,ATG,1924,0.06733735
Antigua and Barbuda,ATG,2024,7.725187
Argentina,ARG,1924,22.628515
Argentina,ARG,2024,9.125095
Armenia,ARM,1924,0.83145094
Armenia,ARM,2024,3.4671323
Asia,OWID_ASI,1924,2.2740984
Asia,OWID_ASI,2024,6.2676706
Australia,AUS,1924,38.78744
Australia,AUS,2024,22.83231
Austria,AUT,1924,4.0003657
Austria,AUT,2024,7.482617
Azerbaijan,AZE,1924,2.185412
Azerbaijan,AZE,2024,5.547462
Bahamas,BHS,1924,0.88554496
Bahamas,BHS,2024,8.617865
Bahrain,BHR,1924,0.18049388
Bahrain,BHR,2024,39.186
Bangladesh,BGD,1924,1.9655036
Bangladesh,BGD,2024,1.3889186
Barbados,BRB,1924,0.610588
Barbados,BRB,2024,5.4607997
Belarus,BLR,1924,7.8961964
Belarus,BLR,2024,10.442919
Belgium,BEL,1924,11.850102
Belgium,BEL,2024,9.195861
Belize,BLZ,1924,22.655464
Belize,BLZ,2024,19.056486
Benin,BEN,1924,1.094563
Benin,BEN,2024,2.8303652
Bhutan,BTN,1924,14.434771
Bhutan,BTN,2024,9.332842
Bolivia,BOL,1924,16.852877
Bolivia,BOL,2024,12.890763
Bosnia and Herzegovina,BIH,1924,5.306319
Bosnia and Herzegovina,BIH,2024,8.366087
Botswana,BWA,1924,13.248546
Botswana,BWA,2024,10.392353
Brazil,BRA,1924,14.724825
Brazil,BRA,2024,13.228536
Brunei,BRN,1924,12.205295
Brunei,BRN,2024,32.33364
Bulgaria,BGR,1924,3.9298139
Bulgaria,BGR,2024,5.9598427
Burkina Faso,BFA,1924,2.0414376
Burkina Faso,BFA,2024,2.524934
Burundi,BDI,1924,1.8229313
Burundi,BDI,2024,0.69062424
Cambodia,KHM,1924,10.060132
Cambodia,KHM,2024,5.205814
Cameroon,CMR,1924,4.1207395
Cameroon,CMR,2024,2.2259083
Canada,CAN,1924,40.909485
Canada,CAN,2024,20.198366
Cape Verde,CPV,1924,0.24215041
Cape Verde,CPV,2024,1.6079705
Central African Republic,CAF,1924,4.7188897
Central African Republic,CAF,2024,12.880916
Chad,TCD,1924,3.8799348
Chad,TCD,2024,6.2026
Chile,CHL,1924,7.3415813
Chile,CHL,2024,5.2821336
China,CHN,1924,1.4496832
China,CHN,2024,9.939262
Colombia,COL,1924,29.536697
Colombia,COL,2024,4.6946015
Comoros,COM,1924,0.8303556
Comoros,COM,2024,1.1920516
Congo,COG,1924,28.037405
Congo,COG,2024,6.612789
Cook Islands,COK,2024,6.421448
Costa Rica,CRI,1924,14.332487
Costa Rica,CRI,2024,2.9205217
Cote d'Ivoire,CIV,1924,11.455863
Cote d'Ivoire,CIV,2024,4.40639
Croatia,HRV,1924,3.8136044
Croatia,HRV,2024,5.7945905
Cuba,CUB,1924,9.279685
Cuba,CUB,2024,3.5921166
Cyprus,CYP,1924,2.682253
Cyprus,CYP,2024,6.989144
Czechia,CZE,1924,5.510786
Czechia,CZE,2024,7.865944
Democratic Republic of Congo,COD,1924,5.2299285
Democratic Republic of Congo,COD,2024,6.229298
Denmark,DNK,1924,8.6170225
Denmark,DNK,2024,7.6854186
Djibouti,DJI,1924,1.4730587
Djibouti,DJI,2024,1.8086016
Dominica,DMA,1924,0.24537449
Dominica,DMA,2024,3.0949562
Dominican Republic,DOM,1924,10.163133
Dominican Republic,DOM,2024,4.2474422
East Timor,TLS,1924,3.1474655
East Timor,TLS,2024,3.4808235
Ecuador,ECU,1924,9.44667
Ecuador,ECU,2024,3.481412
Egypt,EGY,1924,0.96898746
Egypt,EGY,2024,2.8528166
El Salvador,SLV,1924,4.5764933
El Salvador,SLV,2024,1.5578074
Equatorial Guinea,GNQ,1924,3.8331857
Equatorial Guinea,GNQ,2024,6.175124
Eritrea,ERI,1924,1.1557912
Eritrea,ERI,2024,2.9468946
Estonia,EST,1924,3.8970833
Estonia,EST,2024,8.905476
Eswatini,SWZ,1924,7.706249
Eswatini,SWZ,2024,1.3053195
Ethiopia,ETH,1924,3.226537
Ethiopia,ETH,2024,1.8713926
Europe,OWID_EUR,1924,7.157495
Europe,OWID_EUR,2024,8.943579
Fiji,FJI,1924,2.9614627
Fiji,FJI,2024,1.4076506
Finland,FIN,1924,13.797846
Finland,FIN,2024,15.657763
France,FRA,1924,7.683716
France,FRA,2024,5.077144
Gabon,GAB,1924,10.276308
Gabon,GAB,2024,10.785532
Gambia,GMB,1924,2.5677457
Gambia,GMB,2024,1.0641825
Georgia,GEO,1924,1.7522422
Georgia,GEO,2024,3.2642725
Germany,DEU,1924,8.616376
Germany,DEU,2024,7.8017473
Ghana,GHA,1924,4.1166363
Ghana,GHA,2024,1.5105829
Greece,GRC,1924,2.5379179
Greece,GRC,2024,5.651658
Grenada,GRD,1924,0.40052703
Grenada,GRD,2024,3.4442298
Guatemala,GTM,1924,6.477462
Guatemala,GTM,2024,3.567907
Guinea,GIN,1924,17.871037
Guinea,GIN,2024,5.3224354
Guinea-Bissau,GNB,1924,3.4703352
Guinea-Bissau,GNB,2024,3.6968389
Guyana,GUY,1924,25.676348
Guyana,GUY,2024,16.108618
Haiti,HTI,1924,2.5788486
Haiti,HTI,2024,1.0084385
Honduras,HND,1924,28.71666
Honduras,HND,2024,3.1897411
Hong Kong,HKG,1924,0.2787332
Hong Kong,HKG,2024,5.248073
Hungary,HUN,1924,3.767441
Hungary,HUN,2024,4.90974
Iceland,ISL,1924,18.976025
Iceland,ISL,2024,12.853874
India,IND,1924,1.8228556
India,IND,2024,2.9376976
Indonesia,IDN,1924,5.619005
Indonesia,IDN,2024,6.711167
Iran,IRN,1924,3.3497262
Iran,IRN,2024,11.054292
Iraq,IRQ,1924,1.0189874
Iraq,IRQ,2024,8.64704
Ireland,IRL,2024,11.456779
Israel,ISR,1924,1.2597045
Israel,ISR,2024,6.8340044
Italy,ITA,1924,1.9790486
Italy,ITA,2024,5.9985695
Jamaica,JAM,1924,3.5765805
Jamaica,JAM,2024,3.202462
Japan,JPN,1924,2.674963
Japan,JPN,2024,8.13846
Jordan,JOR,1924,1.3632187
Jordan,JOR,2024,2.6863666
Kazakhstan,KAZ,1924,12.198589
Kazakhstan,KAZ,2024,18.075962
Kenya,KEN,1924,3.1397243
Kenya,KEN,2024,1.7628119
Kiribati,KIR,1924,0.13560772
Kiribati,KIR,2024,0.8241486
Kuwait,KWT,1924,0.67732036
Kuwait,KWT,2024,34.507088
Kyrgyzstan,KGZ,1924,3.8299906
Kyrgyzstan,KGZ,2024,3.142304
Laos,LAO,1924,12.395653
Laos,LAO,2024,7.9008517
Latvia,LVA,1924,4.7189555
Latvia,LVA,2024,7.404507
Lebanon,LBN,1924,0.4913195
Lebanon,LBN,2024,3.5559955
Lesotho,LSO,1924,3.5966146
Lesotho,LSO,2024,2.640653
Liberia,LBR,1924,13.073745
Liberia,LBR,2024,4.3721066
Libya,LBY,1924,-0.15357445
Libya,LBY,2024,12.869023
Liechtenstein,LIE,1924,0.5819544
Liechtenstein,LIE,2024,3.6848347
Lithuania,LTU,1924,6.63589
Lithuania,LTU,2024,7.6165133
Luxembourg,LUX,1924,1.2850507
Luxembourg,LUX,2024,11.798287
Madagascar,MDG,1924,13.602364
Madagascar,MDG,2024,1.9237446
Malawi,MWI,1924,1.1106584
Malawi,MWI,2024,1.1546583
Malaysia,MYS,1924,11.837303
Malaysia,MYS,2024,10.931114
Maldives,MDV,1924,0.079544924
Maldives,MDV,2024,4.8075786
Mali,MLI,1924,2.0991871
Mali,MLI,2024,2.6822362
Malta,MLT,1924,0.2025382
Malta,MLT,2024,3.5394006
Mauritania,MRT,1924,2.6895494
Mauritania,MRT,2024,3.5210037
Mauritius,MUS,1924,0.38044304
Mauritius,MUS,2024,4.2775235
Mexico,MEX,1924,9.400192
Mexico,MEX,2024,4.857969
Micronesia,FSM,1924,0.72611123
Micronesia,FSM,2024,1.8309101
Moldova,MDA,1924,2.2899125
Moldova,MDA,2024,2.20672
Mongolia,MNG,1924,31.027521
Mongolia,MNG,2024,28.257341
Montenegro,MNE,1924,5.141616
Montenegro,MNE,2024,1.9128598
Morocco,MAR,1924,1.4928317
Morocco,MAR,2024,2.6744823
Mozambique,MOZ,1924,2.8399796
Mozambique,MOZ,2024,1.7448993
Myanmar,MMR,1924,7.323371
Myanmar,MMR,2024,3.400366
Namibia,NAM,1924,4.9742236
Namibia,NAM,2024,5.8597856
Nauru,NRU,1924,0.18103719
Nauru,NRU,2024,5.33911
Nepal,NPL,1924,3.9334211
Nepal,NPL,2024,1.9843898
Netherlands,NLD,1924,7.134949
Netherlands,NLD,2024,8.075445
New Zealand,NZL,1924,38.920975
New Zealand,NZL,2024,15.712585
Nicaragua,NIC,1924,40.7866
Nicaragua,NIC,2024,5.5870757
Niger,NER,1924,9.697241
Niger,NER,2024,1.9286083
Nigeria,NGA,1924,2.8791914
Nigeria,NGA,2024,1.6532719
North America,OWID_NAM,1924,25.250374
North America,OWID_NAM,2024,12.801218
North Korea,PRK,1924,3.631846
North Korea,PRK,2024,3.38873
North Macedonia,MKD,1924,3.1932175
North Macedonia,MKD,2024,4.4300804
Norway,NOR,1924,6.8614182
Norway,NOR,2024,10.075698
Oceania,OWID_OCE,1924,33.076527
Oceania,OWID_OCE,2024,16.234562
Oman,OMN,1924,0.4046667
Oman,OMN,2024,22.169514
Pakistan,PAK,1924,1.5552913
Pakistan,PAK,2024,1.8855364
Palau,PLW,1924,0.14648241
Palau,PLW,2024,16.578695
Panama,PAN,1924,20.402796
Panama,PAN,2024,4.6842165
Papua New Guinea,PNG,1924,1.6678307
Papua New Guinea,PNG,2024,4.121168
Paraguay,PRY,1924,19.796738
Paraguay,PRY,2024,9.555408
Peru,PER,1924,6.740208
Peru,PER,2024,4.4149756
Philippines,PHL,1924,9.289746
Philippines,PHL,2024,2.639041
Poland,POL,1924,4.3551025
Poland,POL,2024,8.623619
Portugal,PRT,1924,1.9192127
Portugal,PRT,2024,5.1978517
Qatar,QAT,1924,2.5762973
Qatar,QAT,2024,48.954502
Romania,ROU,1924,3.9987109
Romania,ROU,2024,4.747173
Russia,RUS,1924,10.133566
Russia,RUS,2024,18.845648
Rwanda,RWA,1924,1.4537665
Rwanda,RWA,2024,0.6815163
Saint Helena,SHN,2024,2.8081267
Saint Kitts and Nevis,KNA,1924,1.8752733
Saint Kitts and Nevis,KNA,2024,6.344254
Saint Lucia,LCA,1924,0.11159616
Saint Lucia,LCA,2024,3.169063
Saint Vincent and the Grenadines,VCT,1924,0.83204746
Saint Vincent and the Grenadines,VCT,2024,2.78717
Samoa,WSM,1924,4.6458197
Samoa,WSM,2024,0.71387917
Sao Tome and Principe,STP,1924,0.6752766
Sao Tome and Principe,STP,2024,1.2856212
Saudi Arabia,SAU,1924,0.1540499
Saudi Arabia,SAU,2024,24.19823
Senegal,SEN,1924,3.7668352
Senegal,SEN,2024,1.914024
Serbia,SRB,1924,4.9589577
Serbia,SRB,2024,6.3549476
Seychelles,SYC,1924,0.17705292
Seychelles,SYC,2024,5.856652
Sierra Leone,SLE,1924,5.1058993
Sierra Leone,SLE,2024,1.8848469
Singapore,SGP,1924,0.49798852
Singapore,SGP,2024,10.489857
Slovakia,SVK,1924,6.2309437
Slovakia,SVK,2024,3.5832222
Slovenia,SVN,1924,4.3411455
Slovenia,SVN,2024,8.547228
Solomon Islands,SLB,1924,1.8721137
Solomon Islands,SLB,2024,4.145129
Somalia,SOM,1924,4.4585156
Somalia,SOM,2024,2.5171902
South Africa,ZAF,1924,8.779248
South Africa,ZAF,2024,8.479182
South America,OWID_SAM,1924,16.761684
South America,OWID_SAM,2024,9.801082
South Korea,KOR,1924,1.8821524
South Korea,KOR,2024,12.192497
South Sudan,SSD,1924,3.7357028
South Sudan,SSD,2024,4.927051
Spain,ESP,1924,2.5470924
Spain,ESP,2024,5.7417855
Sri Lanka,LKA,1924,1.6237402
Sri Lanka,LKA,2024,1.8483047
Sudan,SDN,1924,3.8868499
Sudan,SDN,2024,2.6620317
Suriname,SUR,1924,5.2467556
Suriname,SUR,2024,8.890216
Sweden,SWE,1924,8.2646885
Sweden,SWE,2024,5.3694525
Switzerland,CHE,1924,3.0470848
Switzerland,CHE,2024,4.49567
Syria,SYR,1924,0.2870362
Syria,SYR,2024,1.5651268
Taiwan,TWN,1924,1.7798818
Taiwan,TWN,2024,12.214052
Tajikistan,TJK,1924,1.8646863
Tajikistan,TJK,2024,2.0232778
Tanzania,TZA,1924,3.9703083
Tanzania,TZA,2024,2.7095828
Thailand,THA,1924,9.266313
Thailand,THA,2024,6.3726296
Togo,TGO,1924,1.8401083
Togo,TGO,2024,1.517829
Tonga,TON,1924,1.8791604
Tonga,TON,2024,2.6381912
Trinidad and Tobago,TTO,1924,7.215646
Trinidad and Tobago,TTO,2024,27.18091
Tunisia,TUN,1924,1.3215652
Tunisia,TUN,2024,3.546342
Turkey,TUR,1924,3.2465944
Turkey,TUR,2024,7.7738886
Turkmenistan,TKM,1924,8.188593
Turkmenistan,TKM,2024,15.790993
Turks and Caicos Islands,TCA,2024,8.281136
Tuvalu,TUV,1924,0.4251091
Tuvalu,TUV,2024,2.0527356
Uganda,UGA,1924,2.7679338
Uganda,UGA,2024,1.2784543
Ukraine,UKR,1924,3.6012845
Ukraine,UKR,2024,5.8869734
United Arab Emirates,ARE,1924,1.8826632
United Arab Emirates,ARE,2024,23.771336
United Kingdom,GBR,1924,13.774193
United Kingdom,GBR,2024,5.6448607
United States of America,USA,1924,28.605846
United States of America,USA,2024,17.527048
Uruguay,URY,1924,17.333973
Uruguay,URY,2024,12.713176
Uzbekistan,UZB,1924,2.7188945
Uzbekistan,UZB,2024,5.7250333
Vanuatu,VUT,1924,4.3551373
Vanuatu,VUT,2024,1.4607042
Venezuela,VEN,1924,21.115175
Venezuela,VEN,2024,6.789203
Vietnam,VNM,1924,2.608579
Vietnam,VNM,2024,5.777901
World,OWID_WRL,1924,5.977646
World,OWID_WRL,2024,6.6691475
Yemen,YEM,1924,0.7111677
Yemen,YEM,2024,0.6570463
Zambia,ZMB,1924,13.088722
Zambia,ZMB,2024,4.6461864
Zimbabwe,ZWE,1924,5.1232967
Zimbabwe,ZWE,2024,1.8676057
